{
  "last_version": "1.10.2",
  "seen_versions": 1,
  "server_starts": 1,
  "prints_started": 0,
  "prints_cancelled": 0,
  "prints_errored": 0,
  "prints_finished": 0,
  "prints_started_per_weekday": {},
  "print_duration_total": 0,
  "print_duration_cancelled": 0,
  "print_duration_errored": 0,
  "print_duration_finished": 0,
  "longest_print_duration": 0,
  "longest_print_date": 0,
  "files_uploaded": 0,
  "files_deleted": 0,
  "plugins_installed": 0,
  "plugins_uninstalled": 0,
  "most_plugins": 20,
  "achievements": 1
}