{
  "last_version": "1.10.2",
  "seen_versions": 1,
  "server_starts": 23,
  "prints_started": 162,
  "prints_cancelled": 0,
  "prints_errored": 0,
  "prints_finished": 30,
  "prints_started_per_weekday": {
    "0": 56,
    "1": 52,
    "2": 54
  },
  "print_duration_total": 141137.58211530792,
  "print_duration_cancelled": 0.0,
  "print_duration_errored": 0.0,
  "print_duration_finished": 41700.49220174202,
  "longest_print_duration": 28368.289876678005,
  "longest_print_date": 1727749706.553432,
  "files_uploaded": 139,
  "files_deleted": 104,
  "plugins_installed": 0,
  "plugins_uninstalled": 0,
  "most_plugins": 20,
  "achievements": 10
}