{
  "stats": {
    "last_version": "1.10.2",
    "seen_versions": 1,
    "server_starts": 23,
    "prints_started": 162,
    "prints_cancelled": 0,
    "prints_errored": 0,
    "prints_finished": 30,
    "prints_started_per_weekday": {
      "0": 56,
      "1": 52,
      "2": 54
    },
    "print_duration_total": 141137.58211530792,
    "print_duration_cancelled": 0.0,
    "print_duration_errored": 0.0,
    "print_duration_finished": 41700.49220174202,
    "longest_print_duration": 28368.289876678005,
    "longest_print_date": 1727749706.552069,
    "files_uploaded": 139,
    "files_deleted": 104,
    "plugins_installed": 0,
    "plugins_uninstalled": 0,
    "most_plugins": 20,
    "created": 1663806246,
    "created_version": "1.10.2"
  },
  "achievements": {
    "the_wizard": 1663806247,
    "all_beginnings_are_hard": 1726498465,
    "one_small_step_for_man": 1726567413,
    "sprint": 1726567414,
    "the_manufacturer_i": 1726652300,
    "cant_get_enough": 1726653867,
    "one_of_those_days": 1726666528,
    "so_close": 1727093058,
    "the_collector_i": 1727710423,
    "clean_house_i": 1727782279
  },
  "state": {
    "date_last_print": "2024-10-01",
    "prints_today": 2,
    "date_last_cancelled_print": "2024-10-01",
    "prints_cancelled_today": 46,
    "consecutive_prints_cancelled_today": 2,
    "file_last_print": "local:carol.gcode:1727801866",
    "consecutive_prints_of_same_file": 1,
    "date_last_weekend_print": "",
    "consecutive_weekend_prints": 0
  }
}